Date,ASII.JK,ADRO.JK,ANTM.JK,MDKA.JK,BMRI.JK,INDF.JK,^JKSE
2024-06-03,3868.26513671875,1436.6514892578125,1400.2794189453125,2740.0,4990.35009765625,5591.7705078125,7036.19091796875
2024-06-04,3937.034423828125,1431.748291015625,1371.7022705078125,2650.0,5031.25439453125,5637.9833984375,7099.31201171875
2024-06-05,3954.226318359375,1407.23193359375,1276.4451904296875,2420.0,4908.541015625,5661.08984375,6947.669921875
2024-06-06,3919.84228515625,1397.4256591796875,1252.630859375,2460.0,5051.70703125,5730.40966796875,6974.89697265625
2024-06-07,3919.84228515625,1392.522216796875,1238.34228515625,2500.0,5133.51611328125,5730.40966796875,6897.9501953125
2024-06-10,3876.861328125,1348.39306640625,1181.1881103515625,2460.0,5133.51611328125,5707.30322265625,6921.5478515625
2024-06-11,3739.32275390625,1333.6834716796875,1195.4766845703125,2450.0,5010.80224609375,5661.08984375,6855.69091796875
2024-06-12,3747.9189453125,1368.006103515625,1209.7652587890625,2380.0,4847.18408203125,5730.40966796875,6850.09716796875
2024-06-13,3833.880615234375,1363.1029052734375,1195.4766845703125,2370.0,4806.27978515625,5661.08984375,6831.56396484375
2024-06-14,3799.495849609375,1363.1029052734375,1152.6109619140625,2270.0,4704.0185546875,5614.876953125,6734.83203125
2024-06-19,3825.28466796875,1304.2637939453125,1157.373779296875,2310.0,4704.0185546875,5476.23828125,6726.9189453125
2024-06-20,3825.28466796875,1338.5865478515625,1157.373779296875,2300.0,4867.63671875,5476.23828125,6819.32080078125
2024-06-21,3859.6689453125,1338.5865478515625,1171.662353515625,2310.0,5010.80224609375,5522.451171875,6879.97802734375
2024-06-24,3808.092041015625,1333.6834716796875,1190.7137451171875,2320.0,4908.541015625,5476.23828125,6889.1650390625
2024-06-25,3782.303466796875,1328.780029296875,1166.8995361328125,2400.0,4847.18408203125,5499.3447265625,6882.7041015625
2024-06-26,3799.495849609375,1348.39306640625,1157.373779296875,2340.0,4785.82763671875,5453.1318359375,6905.64208984375
2024-06-27,3808.092041015625,1348.39306640625,1171.662353515625,2360.0,4908.541015625,5568.6640625,6967.951171875
2024-06-28,3833.880615234375,1368.006103515625,1190.7137451171875,2380.0,5031.25439453125,5614.876953125,7063.5771484375
2024-07-01,3971.418701171875,1372.9093017578125,1243.105224609375,2460.0,5113.0634765625,5637.9833984375,7139.6259765625
2024-07-02,3894.05322265625,1392.522216796875,1233.5794677734375,2460.0,5072.15869140625,5637.9833984375,7125.14208984375
2024-07-03,3928.4384765625,1417.03857421875,1252.630859375,2440.0,5092.61181640625,5637.9833984375,7196.7548828125
2024-07-04,3911.24560546875,1402.328857421875,1262.1566162109375,2470.0,5113.0634765625,5614.876953125,7220.88916015625
2024-07-05,3937.034423828125,1426.8450927734375,1247.8680419921875,2440.0,5256.2294921875,5661.08984375,7253.3720703125
2024-07-08,3988.61083984375,1421.94189453125,1300.259521484375,2480.0,5092.61181640625,5730.40966796875,7250.97705078125
2024-07-09,3919.84228515625,1421.94189453125,1281.2080078125,2440.0,5215.32470703125,5746.8291015625,7269.80078125
2024-07-10,3902.6494140625,1421.94189453125,1281.2080078125,2420.0,5215.32470703125,5795.12158203125,7287.0419921875
2024-07-11,3876.861328125,1402.328857421875,1295.49658203125,2400.0,5235.77685546875,5722.6826171875,7300.4072265625
2024-07-12,3902.6494140625,1387.619140625,1295.49658203125,2400.0,5256.2294921875,5746.8291015625,7327.580078125
2024-07-15,3842.476806640625,1407.23193359375,1285.970947265625,2320.0,5194.8720703125,5770.9755859375,7278.86279296875
2024-07-16,3765.111572265625,1407.23193359375,1276.4451904296875,2390.0,5194.8720703125,5746.8291015625,7224.29296875
2024-07-17,3833.880615234375,1421.94189453125,1314.5479736328125,2420.0,5276.681640625,5843.41455078125,7224.2177734375
2024-07-18,3902.6494140625,1485.68408203125,1309.78515625,2420.0,5358.49072265625,5867.56103515625,7321.07080078125
2024-07-19,3894.05322265625,1520.0067138671875,1285.970947265625,2340.0,5338.0380859375,5867.56103515625,7294.4951171875
2024-07-22,3885.45751953125,1564.135986328125,1276.4451904296875,2390.0,5481.2041015625,5819.26806640625,7321.97607421875
2024-07-23,3825.28466796875,1534.7164306640625,1252.630859375,2380.0,5419.84716796875,5891.70703125,7313.85693359375
2024-07-24,3894.05322265625,1554.3294677734375,1247.8680419921875,2410.0,5297.1337890625,5795.12158203125,7262.7587890625
2024-07-25,3859.6689453125,1534.7164306640625,1219.2908935546875,2430.0,5378.94287109375,5891.70703125,7240.27685546875
2024-07-26,3962.822509765625,1559.2327880859375,1233.5794677734375,2390.0,5358.49072265625,5915.853515625,7288.1669921875
2024-07-29,3962.822509765625,1559.2327880859375,1247.8680419921875,2400.0,5297.1337890625,5867.56103515625,7288.89697265625
2024-07-30,3902.6494140625,1583.7489013671875,1238.34228515625,2440.0,5297.1337890625,5843.41455078125,7241.86376953125
2024-07-31,4057.38037109375,1578.8458251953125,1252.630859375,2460.0,5235.77685546875,5915.853515625,7255.76220703125
2024-08-01,4074.572021484375,1593.5555419921875,1281.2080078125,2440.0,5522.10888671875,5940.0,7325.98486328125
2024-08-02,4031.591552734375,1627.878173828125,1281.2080078125,2350.0,5563.01318359375,5891.70703125,7308.123046875
2024-08-05,3919.84228515625,1515.1033935546875,1224.0538330078125,2190.0,5378.94287109375,5843.41455078125,7059.65283203125
2024-08-06,3962.822509765625,1559.2327880859375,1233.5794677734375,2200.0,5419.84716796875,5891.70703125,7129.21484375
2024-08-07,3980.0146484375,1583.7489013671875,1233.5794677734375,2200.0,5542.56103515625,5915.853515625,7212.130859375
2024-08-08,4074.572021484375,1564.135986328125,1209.7652587890625,2180.0,5563.01318359375,6012.43896484375,7195.12109375
2024-08-09,4091.764404296875,1559.2327880859375,1224.0538330078125,2210.0,5603.91748046875,6060.7314453125,7256.99609375
2024-08-12,4091.764404296875,1588.6522216796875,1247.8680419921875,2290.0,5644.822265625,6036.5849609375,7297.625
2024-08-13,4091.764404296875,1583.7489013671875,1247.8680419921875,2320.0,5726.63134765625,6109.0244140625,7356.63818359375
2024-08-14,4203.5146484375,1578.8458251953125,1243.105224609375,2360.0,5787.98779296875,6278.048828125,7436.0390625
2024-08-15,4203.5146484375,1573.9425048828125,1319.3109130859375,2340.0,5747.08349609375,6253.90234375,7409.5009765625
2024-08-16,4272.283203125,1608.26513671875,1390.753662109375,2300.0,5787.98779296875,6302.19482421875,7432.08984375
2024-08-19,4319.5625,1608.26513671875,1400.2794189453125,2340.0,5849.3447265625,6229.755859375,7466.8310546875
2024-08-20,4405.5244140625,1603.3619384765625,1405.042236328125,2340.0,5890.2490234375,6302.19482421875,7533.98486328125
2024-08-21,4362.54296875,1598.4588623046875,1400.2794189453125,2350.0,5931.1533203125,6398.7802734375,7554.5927734375
2024-08-22,4298.07275390625,1647.4913330078125,1371.7022705078125,2290.0,5767.53564453125,6422.9267578125,7488.67578125
2024-08-23,4384.03369140625,1701.4268798828125,1381.22802734375,2320.0,5767.53564453125,6471.21923828125,7544.2978515625
2024-08-26,4427.01416015625,1711.2333984375,1409.80517578125,2470.0,5767.53564453125,6616.09716796875,7606.19482421875
2024-08-27,4427.01416015625,1725.9432373046875,1400.2794189453125,2450.0,5747.08349609375,6567.8046875,7597.880859375
2024-08-28,4319.5625,1730.846435546875,1381.22802734375,2480.0,5910.70166015625,6591.951171875,7658.875
2024-08-29,4362.54296875,1725.9432373046875,1343.1251220703125,2400.0,5808.43994140625,6567.8046875,7627.60400390625
2024-08-30,4384.03369140625,1745.5562744140625,1324.07373046875,2360.0,5828.892578125,6616.09716796875,7670.73291015625
2024-09-02,4469.99462890625,1770.0723876953125,1328.8365478515625,2370.0,5890.2490234375,6495.36572265625,7694.52978515625
2024-09-03,4405.5244140625,1765.1693115234375,1305.0223388671875,2360.0,5787.98779296875,6543.658203125,7616.52099609375
2024-09-04,4341.05322265625,1745.5562744140625,1281.2080078125,2280.0,5869.796875,6471.21923828125,7672.89599609375
2024-09-05,4362.54296875,1740.6529541015625,1281.2080078125,2280.0,5869.796875,6736.8291015625,7681.04296875
2024-09-06,4341.05322265625,1701.4268798828125,1271.682373046875,2280.0,5931.1533203125,6785.12158203125,7721.84619140625
2024-09-09,4319.5625,1711.2333984375,1257.393798828125,2260.0,5931.1533203125,6688.53662109375,7702.73876953125
2024-09-10,4319.5625,1711.2333984375,1257.393798828125,2260.0,5931.1533203125,6809.26806640625,7761.38818359375
2024-09-11,4319.5625,1725.9432373046875,1252.630859375,2260.0,6033.4150390625,6760.9755859375,7760.955078125
2024-09-12,4319.5625,1887.7503662109375,1281.2080078125,2300.0,5972.05810546875,6905.853515625,7798.15380859375
2024-09-13,4362.54296875,1799.4920654296875,1271.682373046875,2290.0,5951.60595703125,6857.560546875,7812.130859375
2024-09-17,4362.54296875,1843.62109375,1314.5479736328125,2300.0,6074.3193359375,6857.560546875,7831.77880859375
2024-09-18,4512.9755859375,1789.6854248046875,1300.259521484375,2280.0,6053.8671875,6833.41455078125,7829.134765625
2024-09-19,4534.46630859375,1794.5885009765625,1309.78515625,2270.0,6053.8671875,6833.41455078125,7905.39013671875
2024-09-20,4491.48583984375,1809.29833984375,1305.0223388671875,2260.0,5972.05810546875,6905.853515625,7743.00390625
2024-09-23,4491.48583984375,1814.201904296875,1328.8365478515625,2290.0,6094.77197265625,6857.560546875,7775.73095703125
2024-09-24,4534.46630859375,1833.8145751953125,1343.1251220703125,2340.0,6074.3193359375,6930.0,7778.4912109375
2024-09-25,4491.48583984375,1809.29833984375,1371.7022705078125,2450.0,5890.2490234375,6930.0,7740.90185546875
2024-09-26,4512.9755859375,1853.427734375,1357.4136962890625,2590.0,5869.796875,6978.29248046875,7744.51611328125
2024-09-27,4384.03369140625,1917.1697998046875,1400.2794189453125,2700.0,5767.53564453125,6930.0,7696.916015625
2024-09-30,4341.05322265625,1868.1373291015625,1409.80517578125,2720.0,5665.27392578125,6809.26806640625,7527.92919921875
2024-10-01,4448.5048828125,1922.0731201171875,1428.8565673828125,2690.0,5767.53564453125,6930.0,7642.1328125
2024-10-02,4427.01416015625,1897.556884765625,1462.196533203125,2730.0,5706.1787109375,6833.41455078125,7563.26220703125
2024-10-03,4512.9755859375,1877.94384765625,1462.196533203125,2690.0,5767.53564453125,6857.560546875,7543.828125
2024-10-04,4427.01416015625,1868.1373291015625,1452.6707763671875,2680.0,5685.72705078125,6809.26806640625,7496.0908203125
2024-10-07,4384.03369140625,1907.36328125,1471.7222900390625,2710.0,5624.36962890625,6688.53662109375,7504.134765625
2024-10-08,4491.48583984375,1863.2340087890625,1452.6707763671875,2580.0,5787.98779296875,6760.9755859375,7557.14208984375
2024-10-09,4362.54296875,1873.0406494140625,1443.1451416015625,2550.0,5685.72705078125,6688.53662109375,7501.28515625
2024-10-10,4405.5244140625,1873.0406494140625,1462.196533203125,2560.0,5685.72705078125,6785.12158203125,7480.080078125
2024-10-11,4362.54296875,1897.556884765625,1490.773681640625,2540.0,5685.72705078125,6760.9755859375,7520.60205078125
2024-10-14,4321.34619140625,1897.556884765625,1552.6907958984375,2530.0,5665.27392578125,6809.26806640625,7559.65478515625
2024-10-15,4321.34619140625,1902.460205078125,1524.1136474609375,2510.0,5767.53564453125,6954.14599609375,7626.951171875
2024-10-16,4347.64208984375,1887.7503662109375,1495.5364990234375,2530.0,5726.63134765625,6930.0,7648.93994140625
2024-10-17,4338.87646484375,1912.2666015625,1543.1650390625,2550.0,5910.70166015625,6930.0,7735.0390625
2024-10-18,4312.58056640625,1853.427734375,1547.927978515625,2520.0,5869.796875,7171.46337890625,7760.06005859375
2024-10-21,4470.357421875,1833.8145751953125,1609.8450927734375,2560.0,5890.2490234375,7147.31689453125,7772.59619140625
2024-10-22,4623.75244140625,1828.9114990234375,1590.7935791015625,2570.0,5787.98779296875,7171.46337890625,7788.98291015625
2024-10-23,4645.666015625,1809.29833984375,1571.7421875,2530.0,5787.98779296875,7243.90234375,7787.56494140625
2024-10-24,4623.75244140625,1804.39501953125,1543.1650390625,2530.0,5706.1787109375,7268.04833984375,7716.548828125
2024-10-25,4579.92578125,1794.5885009765625,1509.8250732421875,2450.0,5767.53564453125,7243.90234375,7694.66015625
2024-10-28,4601.8388671875,1804.39501953125,1533.639404296875,2420.0,5583.46533203125,7268.04833984375,7634.630859375
2024-10-29,4492.271484375,1779.8787841796875,1538.4022216796875,2360.0,5583.46533203125,7316.34130859375,7606.60009765625
2024-10-30,4558.01171875,1784.7823486328125,1552.6907958984375,2390.0,5522.10888671875,7219.755859375,7569.85009765625
2024-10-31,4470.357421875,1774.9755859375,1524.1136474609375,2420.0,5481.2041015625,7340.48779296875,7574.01904296875
2024-11-01,4448.4443359375,1858.3309326171875,1447.907958984375,2350.0,5440.2998046875,7050.7314453125,7505.2568359375
2024-11-04,4492.271484375,1926.9764404296875,1452.6707763671875,2320.0,5522.10888671875,7195.609375,7479.5029296875
2024-11-05,4536.09814453125,1980.9122314453125,1500.2994384765625,2300.0,5665.27392578125,7606.09716796875,7491.93115234375
2024-11-06,4426.53076171875,1966.2025146484375,1466.9593505859375,2270.0,5358.49072265625,7533.658203125,7383.8681640625
2024-11-07,4382.7041015625,1922.0731201171875,1500.2994384765625,2270.0,5256.2294921875,7630.24365234375,7243.85986328125
2024-11-08,4347.64208984375,1877.94384765625,1509.8250732421875,2240.0,5174.42041015625,7437.07275390625,7287.19091796875
2024-11-11,4356.4072265625,1833.8145751953125,1457.4337158203125,2200.0,5194.8720703125,7533.658203125,7266.4599609375
2024-11-12,4356.4072265625,1873.0406494140625,1490.773681640625,2180.0,5215.32470703125,7581.951171875,7321.98583984375
2024-11-13,4404.6171875,1922.0731201171875,1428.8565673828125,2240.0,5256.2294921875,7461.21923828125,7308.6708984375
2024-11-14,4338.87646484375,1877.94384765625,1409.80517578125,2180.0,5215.32470703125,7437.07275390625,7214.56103515625
2024-11-15,4330.111328125,1922.0731201171875,1333.5994873046875,2100.0,5194.8720703125,7461.21923828125,7161.2578125
2024-11-18,4321.34619140625,1814.201904296875,1328.8365478515625,2010.0,5174.42041015625,7461.21923828125,7134.27685546875
2024-11-19,4356.4072265625,1819.1048583984375,1405.042236328125,2080.0,5113.0634765625,7533.658203125,7195.71484375
2024-11-20,4382.7041015625,1809.29833984375,1400.2794189453125,2150.0,5092.61181640625,7533.658203125,7180.3349609375
2024-11-21,4286.28466796875,1804.39501953125,1419.330810546875,2100.0,5031.25439453125,7364.6337890625,7140.912109375
2024-11-22,4303.8154296875,1838.7178955078125,1381.22802734375,2050.0,5113.0634765625,7219.755859375,7195.56494140625
2024-11-25,4536.09814453125,1848.5244140625,1414.5679931640625,2030.0,5378.94287109375,7340.48779296875,7314.10791015625
2024-11-26,4514.18505859375,1799.4920654296875,1381.22802734375,2000.0,5235.77685546875,7388.7802734375,7245.88818359375
2024-11-28,4492.271484375,2148.349609375,1352.65087890625,1930.0,5276.681640625,7388.7802734375,7200.1572265625
2024-11-29,4470.357421875,1619.046142578125,1362.1766357421875,1840.0,5031.25439453125,7292.19482421875,7114.26611328125
2024-12-02,4330.111328125,1798.0751953125,1343.1251220703125,1840.0,4908.541015625,7292.19482421875,7046.98583984375
2024-12-03,4492.271484375,1836.99462890625,1381.22802734375,1860.0,5133.51611328125,7509.51220703125,7196.01708984375
2024-12-04,4579.92578125,1836.99462890625,1395.5166015625,1930.0,5215.32470703125,7581.951171875,7326.76416015625
2024-12-05,4558.01171875,1821.4268798828125,1419.330810546875,1920.0,5031.25439453125,7606.09716796875,7313.31298828125
2024-12-06,4514.18505859375,1790.291259765625,1414.5679931640625,1910.0,5092.61181640625,7654.39013671875,7382.78515625
2024-12-09,4579.92578125,2086.078857421875,1419.330810546875,1920.0,5215.32470703125,7920.0,7437.73095703125
2024-12-10,4579.92578125,2124.998046875,1547.927978515625,1990.0,5153.9677734375,7871.70703125,7453.287109375
2024-12-11,4601.8388671875,2031.591552734375,1524.1136474609375,1985.0,5153.9677734375,7920.0,7464.751953125
2024-12-12,4470.357421875,1969.3204345703125,1538.4022216796875,1945.0,5010.80224609375,7920.0,7394.23779296875
2024-12-13,4492.271484375,2008.2398681640625,1509.8250732421875,1925.0,4928.99267578125,7895.853515625,7324.7890625
2024-12-16,4492.271484375,2023.8076171875,1486.0108642578125,1900.0,4969.8974609375,7847.560546875,7258.630859375
2024-12-17,4365.1728515625,1953.752685546875,1438.3822021484375,1840.0,4867.63671875,7775.12158203125,7157.73193359375
2024-12-18,4382.7041015625,2016.023681640625,1443.1451416015625,1760.0,4765.375,7557.8046875,7107.875
2024-12-19,4277.5185546875,1977.1043701171875,1400.2794189453125,1615.0,4642.662109375,7388.7802734375,6977.23779296875
2024-12-20,4268.75341796875,1984.88818359375,1352.65087890625,1595.0,4642.662109375,7364.6337890625,6983.865234375
2024-12-23,4338.87646484375,1977.1043701171875,1385.9908447265625,1630.0,4765.375,7461.21923828125,7096.44482421875
2024-12-24,4277.5185546875,1953.752685546875,1366.939453125,1580.0,4704.0185546875,7364.6337890625,7065.74609375
2024-12-27,4321.34619140625,1977.1043701171875,1452.6707763671875,1570.0,4744.9228515625,7437.07275390625,7036.57080078125
2024-12-30,4295.0498046875,1974.2447509765625,1452.6707763671875,1615.0,4663.1142578125,7437.07275390625,7079.90478515625
2025-01-02,4338.87646484375,2055.4892578125,1471.7222900390625,1595.0,4785.82763671875,7219.755859375,7163.205078125
2025-01-03,4338.87646484375,1998.617919921875,1447.907958984375,1600.0,4744.9228515625,7292.19482421875,7164.42919921875
2025-01-06,4259.98779296875,1933.6221923828125,1395.5166015625,1550.0,4642.662109375,7123.17041015625,7080.47412109375
2025-01-07,4312.58056640625,2006.742431640625,1366.939453125,1510.0,4581.3046875,7195.609375,7083.2841796875
2025-01-08,4216.1611328125,1949.87109375,1362.1766357421875,1360.0,4704.0185546875,7219.755859375,7080.35205078125
2025-01-09,4321.34619140625,1901.124267578125,1352.65087890625,1340.0,4704.0185546875,7243.90234375,7064.587890625
2025-01-10,4295.0498046875,1884.87548828125,1395.5166015625,1410.0,4581.3046875,7461.21923828125,7088.8662109375
2025-01-13,4163.568359375,1909.248779296875,1409.80517578125,1475.0,4519.9482421875,7461.21923828125,7016.87890625
2025-01-14,4163.568359375,1917.373291015625,1447.907958984375,1635.0,4417.68701171875,7268.04833984375,6956.6650390625
2025-01-15,4330.111328125,1949.87109375,1457.4337158203125,1610.0,4704.0185546875,7437.07275390625,7079.56201171875
2025-01-16,4277.5185546875,1957.99560546875,1447.907958984375,1600.0,4806.27978515625,7316.34130859375,7107.51904296875
2025-01-17,4330.111328125,1949.87109375,1447.907958984375,1610.0,4806.27978515625,7340.48779296875,7154.658203125
2025-01-20,4303.8154296875,1909.248779296875,1438.3822021484375,1700.0,4908.541015625,7123.17041015625,7170.73681640625
2025-01-21,4303.8154296875,1876.7510986328125,1438.3822021484375,1650.0,4949.44580078125,7195.609375,7181.81982421875
2025-01-22,4347.64208984375,1884.87548828125,1447.907958984375,1650.0,5031.25439453125,7364.6337890625,7257.1279296875
2025-01-23,4295.0498046875,1901.124267578125,1419.330810546875,1605.0,5051.70703125,7243.90234375,7232.64306640625
2025-01-24,4268.75341796875,1868.6265869140625,1419.330810546875,1600.0,5010.80224609375,7292.19482421875,7166.05615234375
2025-01-30,4189.865234375,1868.6265869140625,1328.8365478515625,1580.0,4990.35009765625,7364.6337890625,7073.47802734375
2025-01-31,4207.3955078125,1892.9998779296875,1324.07373046875,1565.0,4928.99267578125,7581.951171875,7109.19580078125
2025-02-03,4172.333984375,1876.7510986328125,1314.5479736328125,1450.0,4744.9228515625,7364.6337890625,7030.05810546875
2025-02-04,4207.3955078125,1892.9998779296875,1333.5994873046875,1500.0,4642.662109375,7437.07275390625,7073.458984375
2025-02-05,4154.80322265625,1917.373291015625,1381.22802734375,1475.0,4519.9482421875,7268.04833984375,7024.22802734375
2025-02-06,3988.260498046875,1860.502197265625,1333.5994873046875,1430.0,4172.259765625,7268.04833984375,6875.5361328125
2025-02-07,4075.914306640625,1844.2530517578125,1362.1766357421875,1420.0,4213.16455078125,7388.7802734375,6742.576171875
2025-02-10,4005.79150390625,1795.5062255859375,1319.3109130859375,1490.0,4090.450927734375,7509.51220703125,6648.14208984375
2025-02-11,4040.852783203125,1746.759521484375,1333.5994873046875,1455.0,3992.280029296875,7437.07275390625,6531.990234375
2025-02-12,4067.14892578125,1819.8797607421875,1328.8365478515625,1505.0,4041.365478515625,7533.658203125,6645.77783203125
2025-02-13,4084.6796875,1795.5062255859375,1400.2794189453125,1670.0,4110.90283203125,7533.658203125,6613.56787109375
2025-02-14,4102.2109375,1819.8797607421875,1457.4337158203125,1650.0,4192.7119140625,7485.36572265625,6638.458984375
2025-02-17,4154.80322265625,1852.3775634765625,1481.2479248046875,1800.0,4438.13916015625,7557.8046875,6830.8818359375
2025-02-18,4207.3955078125,1836.128662109375,1476.485107421875,1800.0,4458.59130859375,7581.951171875,6873.55419921875
2025-02-19,4119.74169921875,1828.0042724609375,1500.2994384765625,1750.0,4233.61669921875,7726.8291015625,6794.8681640625
2025-02-20,4137.2724609375,1787.3818359375,1605.0821533203125,1810.0,4213.16455078125,7702.6826171875,6788.0419921875
2025-02-21,4163.568359375,1771.1329345703125,1543.1650390625,1825.0,4151.80712890625,7437.07275390625,6803.0009765625
2025-02-24,4119.74169921875,1779.2574462890625,1562.216552734375,1715.0,4110.90283203125,7630.24365234375,6749.60107421875
2025-02-25,3997.026123046875,1706.1373291015625,1557.45361328125,1545.0,3984.098876953125,7557.8046875,6587.0869140625
2025-02-26,4014.556884765625,1714.26171875,1552.6907958984375,1595.0,4025.003662109375,7461.21923828125,6606.17822265625
2025-02-27,4023.322265625,1681.763916015625,1547.927978515625,1455.0,3812.300048828125,7340.48779296875,6485.4482421875
2025-02-28,3970.729736328125,1681.763916015625,1509.8250732421875,1400.0,3763.21484375,6881.70703125,6270.59716796875
2025-03-03,4102.2109375,1665.514892578125,1509.8250732421875,1525.0,4008.641845703125,7099.0244140625,6519.658203125
2025-03-04,4110.97607421875,1551.7724609375,1466.9593505859375,1470.0,3959.555908203125,7074.8779296875,6380.40087890625
2025-03-05,4295.0498046875,1543.6480712890625,1543.1650390625,1480.0,3975.918212890625,7171.46337890625,6531.39892578125
2025-03-06,4295.0498046875,1665.514892578125,1547.927978515625,1475.0,3984.098876953125,7050.7314453125,6617.84716796875
2025-03-07,4321.34619140625,1624.892578125,1552.6907958984375,1530.0,3959.555908203125,7002.43896484375,6636.0
2025-03-10,4181.09912109375,1555.834716796875,1419.330810546875,1400.0,3853.204833984375,7292.19482421875,6598.2119140625
2025-03-11,4207.3955078125,1503.025634765625,1447.907958984375,1310.0,3877.747314453125,7026.5849609375,6545.85009765625
2025-03-12,4216.1611328125,1503.025634765625,1471.7222900390625,1330.0,3992.280029296875,7219.755859375,6665.044921875
2025-03-13,4146.03759765625,1515.21240234375,1462.196533203125,1340.0,3877.747314453125,7050.7314453125,6647.4169921875
2025-03-14,4049.6181640625,1470.52783203125,1514.587890625,1340.0,3877.747314453125,6930.0,6515.630859375
2025-03-17,4049.6181640625,1474.5899658203125,1576.5050048828125,1440.0,3828.661865234375,7026.5849609375,6471.94677734375
2025-03-18,4075.914306640625,1458.3411865234375,1557.45361328125,1420.0,3705.9482421875,6833.41455078125,6223.38818359375
2025-03-19,4110.97607421875,1462.4034423828125,1581.2679443359375,1410.0,3828.661865234375,6954.14599609375,6311.66015625
2025-03-20,4128.5068359375,1462.4034423828125,1566.9793701171875,1430.0,3779.576416015625,6785.12158203125,6381.673828125
2025-03-21,4242.45703125,1462.4034423828125,1509.8250732421875,1375.0,3607.777587890625,6736.8291015625,6258.17919921875
2025-03-24,4110.97607421875,1421.781005859375,1514.587890625,1345.0,3648.681884765625,6567.8046875,6161.2177734375
2025-03-25,4075.914306640625,1417.7188720703125,1524.1136474609375,1350.0,3877.747314453125,6567.8046875,6235.619140625
2025-03-26,4207.3955078125,1494.9012451171875,1571.7421875,1450.0,4213.16455078125,6688.53662109375,6472.35595703125
2025-03-27,4312.58056640625,1498.96337890625,1557.45361328125,1430.0,4254.06884765625,6857.560546875,6510.6201171875
2025-04-08,3926.90283203125,1336.4742431640625,1333.5994873046875,1220.0,3820.481201171875,6954.14599609375,5996.14208984375
2025-04-09,4049.6181640625,1340.536376953125,1405.042236328125,1040.0,3853.204833984375,6447.07275390625,5967.98779296875
2025-04-10,4128.5068359375,1381.15869140625,1552.6907958984375,1220.0,4110.90283203125,6833.41455078125,6254.02392578125
2025-04-11,4128.5068359375,1393.345458984375,1609.8450927734375,1305.0,4172.259765625,6664.39013671875,6262.22607421875
2025-04-14,4321.34619140625,1433.9677734375,1743.2049560546875,1440.0,4276.87158203125,6881.70703125,6368.51708984375
2025-04-15,4268.75341796875,1462.4034423828125,1771.7821044921875,1430.0,4240.85595703125,7050.7314453125,6441.68310546875
2025-04-16,4189.865234375,1462.4034423828125,1833.69921875,1415.0,4168.82421875,7147.31689453125,6400.05419921875
2025-04-17,4163.568359375,1462.4034423828125,1852.7506103515625,1645.0,4141.81298828125,7050.7314453125,6438.26904296875
2025-04-21,4198.63037109375,1466.465576171875,1990.8734130859375,1695.0,4150.81640625,7099.0244140625,6445.966796875
2025-04-22,4154.80322265625,1527.3990478515625,2086.130615234375,1665.0,4249.85986328125,6954.14599609375,6538.26611328125
2025-04-23,4224.92626953125,1503.025634765625,1971.822021484375,1570.0,4411.9306640625,7099.0244140625,6634.376953125
2025-04-24,4181.09912109375,1523.3367919921875,2048.02783203125,1610.0,4402.9267578125,7002.43896484375,6613.47802734375
2025-04-25,4259.98779296875,1527.3990478515625,2038.501953125,1680.0,4411.9306640625,7219.755859375,6678.9150390625
2025-04-28,4286.28466796875,1543.6480712890625,2028.976318359375,1660.0,4429.9384765625,7171.46337890625,6722.9658203125
2025-04-29,4207.3955078125,1543.6480712890625,2076.604736328125,1720.0,4447.9462890625,7243.90234375,6749.0751953125
2025-04-30,4207.3955078125,1543.6480712890625,2067.0791015625,1670.0,4402.9267578125,7726.8291015625,6766.794921875
2025-05-02,4198.63037109375,1531.4613037109375,2181.3876953125,1690.0,4465.95458984375,7437.07275390625,6815.72998046875
2025-05-05,4189.865234375,1511.150146484375,2209.96484375,1680.0,4483.96240234375,7340.48779296875,6831.9521484375
2025-05-06,4163.568359375,1523.3367919921875,2419.530517578125,1780.0,4483.96240234375,7268.04833984375,6898.19677734375
2025-05-07,4233.69189453125,1543.6480712890625,2619.5703125,1855.0,4456.95068359375,7485.36572265625,6926.22509765625
2025-05-08,4189.865234375,1539.5858154296875,2486.21044921875,1800.0,4312.88720703125,7509.51220703125,6827.75
2025-05-09,4189.865234375,1507.087890625,2552.890380859375,1805.0,4294.87939453125,7702.6826171875,6832.80322265625
2025-05-14,4216.1611328125,1555.834716796875,2429.05615234375,1770.0,4546.98974609375,7606.09716796875,6979.8798828125
2025-05-15,4224.92626953125,1555.834716796875,2429.05615234375,1830.0,4794.5986328125,7823.41455078125,7040.1611328125
2025-05-16,4277.5185546875,1746.759521484375,2514.78759765625,1935.0,4929.6572265625,8161.46337890625,7106.52587890625
2025-05-19,4330.111328125,1884.87548828125,2590.9931640625,2070.0,4974.67724609375,7944.14599609375,7141.0908203125
2025-05-20,4259.98779296875,1795.5062255859375,2600.51904296875,2020.0,4862.1279296875,7606.09716796875,7094.60205078125
2025-05-21,4370.41845703125,1754.8841552734375,2771.981689453125,2050.0,4907.1474609375,7702.6826171875,7142.4609375
2025-05-22,4332.984375,1746.759521484375,2819.6103515625,2030.0,4907.1474609375,7630.24365234375,7166.98095703125
2025-05-23,4435.927734375,1706.1373291015625,2981.54736328125,2040.0,4884.6376953125,7581.951171875,7214.1630859375
2025-05-26,4426.5693359375,1698.0126953125,2962.495849609375,2060.0,4929.6572265625,7581.951171875,7188.35302734375
2025-05-27,4398.49365234375,1860.502197265625,2886.290283203125,2040.0,4862.1279296875,7606.09716796875,7198.966796875
2025-05-28,4538.87158203125,1787.3818359375,2962.495849609375,2020.0,4772.08837890625,7606.09716796875,7175.81884765625
2025-06-02,4473.36181640625,1730.5106201171875,3162.535888671875,2120.0,4569.49951171875,7412.9267578125,7065.06884765625
2025-06-03,4398.49365234375,1706.1373291015625,3200.638671875,2070.0,4546.98974609375,7557.8046875,7044.82177734375
2025-06-04,4314.267578125,1706.1373291015625,3381.627197265625,2240.0,4524.47998046875,7944.14599609375,7069.037109375
2025-06-05,4314.267578125,1722.3861083984375,3286.3701171875,2160.0,4569.49951171875,7871.70703125,7113.4248046875
2025-06-10,4304.90869140625,1714.26171875,3105.381591796875,2140.0,4727.06884765625,7920.0,7230.7451171875
2025-06-11,4314.267578125,1722.3861083984375,3124.43310546875,2230.0,4682.048828125,8209.755859375,7222.4560546875
2025-06-12,4267.47509765625,1722.3861083984375,3019.650146484375,2190.0,4659.5390625,7944.14599609375,7204.3701171875
2025-06-13,4276.8330078125,1759.1474609375,3143.484375,2230.0,4637.029296875,8040.7314453125,7166.06494140625
2025-06-16,4314.267578125,1763.556396484375,3124.43310546875,2200.0,4637.029296875,7944.14599609375,7117.5908203125
2025-06-17,4304.90869140625,1763.556396484375,3305.42138671875,2250.0,4592.00927734375,7920.0,7155.85205078125
2025-06-18,4295.55029296875,1754.7386474609375,3381.627197265625,2240.0,4569.49951171875,7847.560546875,7107.7890625
2025-06-19,4239.3994140625,1697.4229736328125,3172.0615234375,2140.0,4474.9580078125,7775.12158203125,6968.63916015625
2025-06-20,4201.9658203125,1640.107421875,3048.227294921875,2020.0,4438.94287109375,7775.12158203125,6907.13818359375
2025-06-23,4145.814453125,1587.2008056640625,3190.0,2040.0,4429.9384765625,7654.39013671875,6787.14013671875
2025-06-24,4183.248046875,1600.4273681640625,3090.0,1995.0,4524.47998046875,7654.39013671875,6869.1708984375
2025-06-25,4183.248046875,1573.9739990234375,2930.0,1805.0,4393.9228515625,7775.12158203125,6832.14306640625
2025-06-26,4164.53125,1578.3829345703125,2940.0,1830.0,4524.47998046875,7775.12158203125,6897.39990234375
2025-06-30,4211.32373046875,1613.6541748046875,3040.0,2000.0,4393.9228515625,7847.560546875,6927.67919921875
2025-07-01,4164.53125,1613.6541748046875,3070.0,2030.0,4276.87158203125,7920.0,6915.35986328125
2025-07-02,4248.75830078125,1565.15625,2990.0,1995.0,4294.87939453125,7975.0,6881.2451171875
2025-07-03,4276.8330078125,1551.9296875,3120.0,2090.0,4267.86767578125,8100.0,6878.05078125
2025-07-04,4323.6259765625,1547.520751953125,3000.0,2070.0,4267.86767578125,8100.0,6865.19189453125
2025-07-07,4379.77685546875,1534.2940673828125,2910.0,2050.0,4267.86767578125,8100.0,6900.93212890625
2025-07-08,4361.06005859375,1538.7030029296875,2930.0,2080.0,4249.85986328125,8025.0,6904.39208984375
2025-07-09,4417.2109375,1534.2940673828125,2920.0,2110.0,4240.85595703125,8175.0,6943.921875
2025-07-10,4379.77685546875,1622.471923828125,2990.0,2110.0,4339.8994140625,8150.0,7005.37109375
2025-07-11,4407.8525390625,1648.92529296875,2990.0,2110.0,4474.9580078125,8250.0,7047.43798828125
2025-07-14,4398.49365234375,1609.2451171875,3030.0,2090.0,4222.84814453125,8350.0,7097.15087890625
2025-07-15,4398.49365234375,1600.4273681640625,3000.0,2150.0,4231.85205078125,8325.0,7140.47412109375
2025-07-16,4445.2861328125,1622.471923828125,2990.0,2130.0,4222.84814453125,8275.0,7192.01806640625
2025-07-17,4482.72021484375,1613.6541748046875,3010.0,2210.0,4249.85986328125,8225.0,7287.02099609375
2025-07-18,4445.2861328125,1618.06298828125,2970.0,2420.0,4267.86767578125,8225.0,7311.9150390625
2025-07-21,4454.64501953125,1662.15185546875,3190.0,2450.0,4213.84423828125,8300.0,7398.19189453125
2025-07-22,4389.13525390625,1732.6942138671875,2960.0,2340.0,4195.8359375,8225.0,7344.73583984375
2025-07-23,4632.45654296875,1781.19189453125,3040.0,2440.0,4213.84423828125,8350.0,7469.22998046875
2025-07-24,4726.04150390625,1741.511962890625,3030.0,2420.0,4321.8916015625,8350.0,7530.90185546875
2025-07-25,4679.2490234375,1688.605224609375,2970.0,2370.0,4222.84814453125,8400.0,7543.5029296875
2025-07-28,4772.833984375,1697.4229736328125,2970.0,2590.0,4231.85205078125,8375.0,7614.76806640625
2025-07-29,4772.833984375,1693.01416015625,3000.0,2640.0,4240.85595703125,8300.0,7617.9072265625
2025-07-30,4819.62646484375,1675.378662109375,2990.0,2550.0,4159.8203125,8375.0,7549.88818359375
2025-07-31,4772.833984375,1631.2896728515625,2850.0,2360.0,4060.77685546875,8525.0,7484.3369140625
2025-08-01,4679.2490234375,1644.516357421875,2880.0,2450.0,4078.784912109375,8475.0,7537.76806640625
2025-08-04,4702.64501953125,1675.378662109375,2910.0,2360.0,4159.8203125,8375.0,7464.64501953125
2025-08-05,4702.64501953125,1644.516357421875,2940.0,2330.0,4276.87158203125,8325.0,7515.18505859375
2025-08-06,4585.6640625,1640.107421875,3080.0,2400.0,4231.85205078125,8200.0,7503.75
2025-08-07,4641.814453125,1648.92529296875,3150.0,2490.0,4213.84423828125,8200.0,7490.18310546875
2025-08-08,4604.380859375,1578.3829345703125,3090.0,2470.0,4204.84033203125,8150.0,7533.384765625
2025-08-11,4585.6640625,1596.0185546875,2940.0,2390.0,4249.85986328125,8075.0,7605.9248046875
2025-08-12,4669.89013671875,1640.107421875,2900.0,2280.0,4420.93505859375,8050.0,7791.69677734375
2025-08-13,4843.0224609375,1613.6541748046875,2910.0,2280.0,4384.9189453125,8025.0,7892.9111328125
2025-08-14,4772.833984375,1622.471923828125,2890.0,2270.0,4366.9111328125,8150.0,7931.2509765625
2025-08-15,4702.64501953125,1596.0185546875,2900.0,2220.0,4366.9111328125,8050.0,7898.375
2025-08-19,5170.56982421875,1587.2008056640625,2810.0,2310.0,4321.8916015625,7925.0,7862.94921875
2025-08-20,5170.56982421875,1596.0185546875,2840.0,2320.0,4456.95068359375,7975.0,7943.8251953125
2025-08-21,5264.1552734375,1569.565185546875,2830.0,2280.0,4411.9306640625,7925.0,7890.71484375
2025-08-22,5334.34375,1565.15625,2820.0,2280.0,4402.9267578125,7850.0,7858.85107421875
2025-08-25,5381.13623046875,1534.2940673828125,2870.0,2260.0,4456.95068359375,7700.0,7926.9072265625
2025-08-26,5264.1552734375,1529.88525390625,2880.0,2230.0,4411.9306640625,7800.0,7905.7568359375
2025-08-27,5147.17333984375,1591.609619140625,2960.0,2390.0,4321.8916015625,7600.0,7936.17578125
2025-08-28,5217.3623046875,1560.7474365234375,2980.0,2510.0,4294.87939453125,7600.0,7952.087890625
2025-08-29,5147.17333984375,1547.520751953125,3040.0,2470.0,4258.86376953125,7450.0,7830.4931640625
2025-09-01,5100.380859375,1516.658447265625,3200.0,2490.0,4141.81298828125,7400.0,7736.06591796875
2025-09-02,5123.77734375,1516.658447265625,3470.0,2570.0,4114.80078125,7500.0,7801.5849609375
2025-09-03,5147.17333984375,1525.476318359375,3480.0,2550.0,4159.8203125,7700.0,7885.86279296875
2025-09-04,5147.17333984375,1551.9296875,3390.0,2620.0,4213.84423828125,7525.0,7867.34814453125
2025-09-08,5076.98486328125,1516.658447265625,3610.0,2640.0,4042.76953125,7425.0,7766.84912109375
2025-09-09,5170.56982421875,1485.7962646484375,3660.0,2700.0,3880.6982421875,7350.0,7628.60498046875
2025-09-10,5123.77734375,1485.7962646484375,3510.0,2600.0,3961.733642578125,7425.0,7699.0068359375
2025-09-11,5193.9658203125,1481.3873291015625,3390.0,2500.0,4033.76513671875,7475.0,7747.90478515625
2025-09-12,5310.94775390625,1472.569580078125,3490.0,2530.0,4069.781005859375,7550.0,7854.06005859375
2025-09-15,5264.1552734375,1481.3873291015625,3490.0,2520.0,4078.784912109375,7650.0,7937.1181640625
2025-09-16,5287.55126953125,1454.9339599609375,3600.0,2540.0,4033.76513671875,7650.0,7957.69580078125
2025-09-17,5334.34375,1476.978515625,3460.0,2490.0,4060.77685546875,7775.0,8025.17919921875
2025-09-18,5217.3623046875,1446.1162109375,3420.0,2370.0,3979.741455078125,7650.0,8008.43310546875
2025-09-19,5357.740234375,1468.1607666015625,3450.0,2380.0,3943.72607421875,7825.0,8051.1181640625
2025-09-22,5334.34375,1463.7518310546875,3580.0,2520.0,3979.741455078125,7850.0,8040.0390625
2025-09-23,5521.513671875,1551.9296875,3670.0,2450.0,3970.73779296875,7775.0,8125.201171875
2025-09-24,5521.513671875,1525.476318359375,3470.0,2280.0,3952.729736328125,7875.0,8126.55810546875
2025-09-25,5404.53271484375,1521.0675048828125,3170.0,2070.0,3925.71826171875,7750.0,8040.6650390625
2025-09-26,5498.11767578125,1499.02294921875,3210.0,2220.0,3979.741455078125,7650.0,8099.3330078125
2025-09-29,5404.53271484375,1521.0675048828125,3300.0,2200.0,3961.733642578125,7575.0,8123.2451171875
2025-09-30,5404.53271484375,1490.2052001953125,3160.0,2110.0,3961.733642578125,7225.0,8061.06201171875
2025-10-01,5310.94775390625,1472.569580078125,3210.0,2060.0,3943.72607421875,7100.0,8043.82177734375
2025-10-02,5334.34375,1472.569580078125,3110.0,2120.0,3925.71826171875,7025.0,8071.0810546875
2025-10-03,5451.3251953125,1463.7518310546875,3200.0,2120.0,3880.6982421875,7150.0,8118.30078125
2025-10-06,5451.3251953125,1459.3428955078125,3190.0,2130.0,3835.678466796875,7100.0,8139.89404296875
2025-10-07,5381.13623046875,1454.9339599609375,3140.0,2240.0,3862.690185546875,7225.0,8169.28076171875
2025-10-08,5357.740234375,1631.2896728515625,3330.0,2280.0,3826.6748046875,7250.0,8166.02880859375
2025-10-09,5544.90966796875,1525.476318359375,3220.0,2300.0,3952.729736328125,7150.0,8250.9384765625
2025-10-10,5521.513671875,1543.11181640625,3310.0,2370.0,3826.6748046875,7200.0,8257.859375
2025-10-13,5427.9287109375,1521.0675048828125,3370.0,2370.0,3808.6669921875,7200.0,8227.2021484375
2025-10-14,5545.0166015625,1503.431884765625,3350.0,2350.0,3682.611572265625,7050.0,8066.52197265625
2025-10-15,5497.419921875,1481.3873291015625,3400.0,2350.0,3646.595947265625,6900.0,8051.1748046875
2025-10-16,5473.62158203125,1476.978515625,3430.0,2400.0,3682.611572265625,7075.0,8124.7568359375
2025-10-17,5354.6298828125,1454.9339599609375,3450.0,2340.0,3646.595947265625,7125.0,7915.65576171875
2025-10-20,5640.2099609375,1494.6141357421875,3270.0,2280.0,3871.6943359375,7250.0,8088.97802734375
2025-10-21,5711.60498046875,1591.609619140625,3290.0,2370.0,3916.7138671875,7275.0,8238.083984375
2025-10-22,5878.193359375,1565.15625,3170.0,2270.0,3898.7060546875,7175.0,8152.55322265625
2025-10-23,6020.9833984375,1578.3829345703125,3190.0,2230.0,3988.74560546875,7375.0,8274.3515625
2025-10-24,6258.96728515625,1551.9296875,3130.0,2220.0,4096.79296875,7300.0,8271.7216796875
2025-10-27,6282.765625,1573.9739990234375,3150.0,2250.0,4024.761474609375,7450.0,8117.15087890625
2025-10-28,6020.9833984375,1573.9739990234375,3100.0,2170.0,4060.77685546875,7500.0,8092.62890625
2025-10-29,6163.7734375,1706.2408447265625,3200.0,2460.0,4186.83251953125,7425.0,8166.22412109375
2025-10-30,5973.38671875,1745.9208984375,3120.0,2500.0,4321.8916015625,7400.0,8184.06396484375
2025-10-31,5854.39501953125,1662.15185546875,3100.0,2440.0,4249.85986328125,7400.0,8163.875
2025-11-03,6044.78173828125,1710.6497802734375,3110.0,2420.0,4285.87548828125,7200.0,8275.083984375
2025-11-04,5997.18505859375,1679.7874755859375,2960.0,2420.0,4258.86376953125,7075.0,8241.9111328125
2025-11-05,5949.58837890625,1666.560791015625,2980.0,2430.0,4294.87939453125,7125.0,8318.5263671875
2025-11-06,6020.9833984375,1693.01416015625,2930.0,2430.0,4276.87158203125,7025.0,8337.0576171875
2025-11-07,6116.1767578125,1715.05859375,2900.0,2420.0,4276.87158203125,7125.0,8394.58984375
2025-11-10,6116.1767578125,1728.2852783203125,2910.0,2500.0,4258.86376953125,7100.0,8391.240234375
2025-11-11,6211.37060546875,1719.467529296875,2880.0,2500.0,4213.84423828125,7050.0,8366.5146484375
2025-11-12,6139.97509765625,1732.6942138671875,2880.0,2420.0,4285.87548828125,7175.0,8388.56640625
2025-11-13,6068.580078125,1701.83203125,2890.0,2460.0,4231.85205078125,7150.0,8371.9990234375
2025-11-14,6092.37841796875,1657.7430419921875,3040.0,2410.0,4276.87158203125,7100.0,8370.435546875
2025-11-17,6139.97509765625,1684.1964111328125,3060.0,2260.0,4339.8994140625,7100.0,8416.8818359375
2025-11-18,6116.1767578125,1657.7430419921875,3010.0,2170.0,4312.88720703125,7000.0,8361.92578125
2025-11-19,6092.37841796875,1693.01416015625,3000.0,2240.0,4366.9111328125,7025.0,8406.5771484375
2025-11-20,6116.1767578125,1679.7874755859375,2980.0,2170.0,4447.9462890625,7075.0,8419.9169921875
2025-11-21,6116.1767578125,1648.92529296875,2910.0,2270.0,4456.95068359375,7125.0,8414.3515625
2025-11-24,6163.7734375,1653.3341064453125,2930.0,2300.0,4592.00927734375,7450.0,8570.25390625
2025-11-25,6139.97509765625,1635.698486328125,3000.0,2300.0,4524.47998046875,7250.0,8521.884765625
2025-11-26,6282.765625,1626.8807373046875,3030.0,2340.0,4524.47998046875,7425.0,8602.1298828125
2025-11-27,6258.96728515625,1596.0185546875,3000.0,2350.0,4375.9150390625,7375.0,8545.865234375
2025-11-28,6235.1689453125,1596.0185546875,2910.0,2280.0,4348.9033203125,7350.0,8508.7060546875
2025-12-01,6068.580078125,1604.8363037109375,2990.0,2310.0,4375.9150390625,7350.0,8548.7880859375
2025-12-02,6306.56396484375,1622.471923828125,2980.0,2280.0,4366.9111328125,7200.0,8617.04296875
2025-12-03,6282.765625,1631.2896728515625,2920.0,2260.0,4393.9228515625,7050.0,8611.787109375
2025-12-04,6401.75732421875,1596.0185546875,2900.0,2250.0,4429.9384765625,7025.0,8640.1962890625
2025-12-05,6377.958984375,1600.4273681640625,2910.0,2230.0,4411.9306640625,7100.0,8632.7607421875
2025-12-08,6401.75732421875,1675.378662109375,2970.0,2330.0,4456.95068359375,6975.0,8710.6953125
2025-12-09,6282.765625,1618.06298828125,2920.0,2240.0,4402.9267578125,6850.0,8657.1787109375
2025-12-10,6306.56396484375,1613.6541748046875,2930.0,2280.0,4474.9580078125,6900.0,8700.923828125
2025-12-11,6139.97509765625,1569.565185546875,2890.0,2200.0,4456.95068359375,6575.0,8620.4814453125
2025-12-12,6282.765625,1569.565185546875,3050.0,2250.0,4339.8994140625,6775.0,8660.4990234375
2025-12-15,6282.765625,1609.2451171875,3030.0,2350.0,4492.96630859375,6775.0,8649.662109375
2025-12-16,6282.765625,1591.609619140625,2970.0,2310.0,4501.97021484375,6775.0,8686.46875
2025-12-17,6282.765625,1600.4273681640625,3020.0,2290.0,4524.47998046875,6775.0,8677.3447265625
2025-12-18,6187.572265625,1675.378662109375,3110.0,2200.0,4637.029296875,6875.0,8618.1953125
2025-12-19,6211.37060546875,1675.378662109375,3070.0,2190.0,4659.5390625,6750.0,8609.55078125
2025-12-22,6258.96728515625,1670.9697265625,3190.0,2260.0,4592.00927734375,6850.0,8645.84375
2025-12-23,6187.572265625,1679.7874755859375,3190.0,2230.0,4546.98974609375,6800.0,8584.7822265625
2025-12-24,6306.56396484375,1666.560791015625,3220.0,2200.0,4546.98974609375,6800.0,8537.9111328125
2025-12-29,6354.16064453125,1715.05859375,3300.0,2320.0,4569.49951171875,6775.0,8644.255859375
2025-12-30,6377.958984375,1724.7208251953125,3150.0,2280.0,4592.00927734375,6775.0,8646.9384765625
2026-01-02,6473.15234375,1734.2496337890625,3210.0,2330.0,4569.49951171875,6675.0,8748.1318359375
2026-01-05,6544.54736328125,1753.307373046875,3390.0,2480.0,4546.98974609375,6850.0,8859.19140625
2026-01-06,6568.345703125,1777.1295166015625,3450.0,2700.0,4482.68896484375,7000.0,8933.609375
2026-01-07,6687.33740234375,1915.2977294921875,3850.0,2720.0,4418.38818359375,6725.0,8944.8134765625
2026-01-08,6663.5390625,1934.3553466796875,3490.0,2560.0,4418.38818359375,6625.0,8925.470703125
2026-01-09,6544.54736328125,2001.057373046875,3630.0,2700.0,4372.458984375,6600.0,8936.75390625
2026-01-12,6663.5390625,2048.701416015625,3830.0,2890.0,4381.64453125,6600.0,8884.72265625
2026-01-13,6949.119140625,2182.10546875,3880.0,3120.0,4427.57373046875,6700.0,8948.302734375
2026-01-14,6782.53076171875,2124.932373046875,4090.0,3060.0,4445.94580078125,6725.0,9032.583984375
2026-01-15,6711.1357421875,2124.932373046875,4050.0,2990.0,4583.7333984375,6750.0,9075.40625
2026-01-19,7044.31298828125,2067.75927734375,4000.0,3060.0,4592.9189453125,6825.0,9133.873046875
2026-01-20,6925.32080078125,2134.461181640625,4120.0,3210.0,4615.8837890625,6700.0,9134.7001953125
2026-01-21,6282.765625,2153.518798828125,4270.0,3310.0,4583.7333984375,6700.0,9010.330078125
2026-01-22,6449.35400390625,2239.2783203125,4220.0,3240.0,4574.54736328125,6750.0,8992.1826171875
2026-01-23,6496.95068359375,2286.922607421875,4290.0,3300.0,4583.7333984375,6825.0,8951.009765625
2026-01-26,6544.54736328125,2277.393798828125,4760.0,3450.0,4510.24658203125,6800.0,8975.333984375
2026-01-27,5997.18505859375,2182.10546875,4610.0,3210.0,4418.38818359375,6700.0,8980.23046875
2026-01-28,5878.193359375,2105.87451171875,4420.0,3240.0,4188.7421875,6850.0,8320.5556640625
2026-01-29,6163.7734375,2115.403564453125,4320.0,3170.0,4253.04296875,6775.0,8232.203125
2026-01-30,6044.78173828125,2105.87451171875,4210.0,3210.0,4427.57373046875,6800.0,8329.6064453125
2026-02-02,5973.38671875,2039.1727294921875,3810.0,2730.0,4409.2021484375,7025.0,7922.73095703125
2026-02-03,6473.15234375,2048.701416015625,3930.0,2950.0,4436.759765625,7200.0,8122.59716796875
2026-02-04,6354.16064453125,2077.2880859375,3990.0,3030.0,4592.9189453125,7050.0,8146.716796875
2026-02-05,6615.9423828125,2001.057373046875,3810.0,3060.0,4638.84814453125,7000.0,8103.87890625
2026-02-06,6377.958984375,1981.9996337890625,3710.0,2850.0,4638.84814453125,6850.0,7935.259765625
2026-02-09,6330.3623046875,2029.643798828125,3890.0,3040.0,4592.9189453125,6825.0,8031.8740234375
2026-02-10,6520.7490234375,2067.75927734375,3890.0,3090.0,4684.77734375,6900.0,8131.73779296875
2026-02-11,6425.5556640625,2115.403564453125,3990.0,3160.0,4615.8837890625,6700.0,8290.9658203125
2026-02-12,6449.35400390625,2115.403564453125,4120.0,3190.0,4661.81298828125,6775.0,8265.3515625
2026-02-13,6330.3623046875,2115.403564453125,4050.0,3220.0,4661.81298828125,6675.0,8212.271484375
2026-02-18,6377.958984375,2143.989990234375,4050.0,3290.0,4845.52978515625,6750.0,8310.2265625
2026-02-19,6282.765625,2191.63427734375,4230.0,3530.0,4661.81298828125,6725.0,8274.0810546875
2026-02-20,6235.1689453125,2191.63427734375,4220.0,3590.0,4707.7421875,6650.0,8271.7666015625
2026-02-23,6306.56396484375,2210.69189453125,4390.0,3740.0,4845.52978515625,6650.0,8396.08203125
2026-02-24,6235.1689453125,2182.10546875,4380.0,3790.0,4937.38818359375,6600.0,8280.8330078125
2026-02-25,6330.3623046875,2258.336181640625,4460.0,3820.0,4868.494140625,6575.0,8322.228515625
2026-02-26,6401.75732421875,2210.69189453125,4330.0,3640.0,4891.458984375,6725.0,8235.26171875
2026-02-27,6354.16064453125,2229.74951171875,4350.0,3750.0,4845.52978515625,6450.0,8235.4853515625
2026-03-02,5997.18505859375,2296.451416015625,4610.0,3940.0,4661.81298828125,6400.0,8016.8330078125
2026-03-03,5973.38671875,2353.62451171875,4410.0,3660.0,4684.77734375,6400.0,7939.76708984375
2026-03-04,5854.39501953125,2286.922607421875,4050.0,3430.0,4574.54736328125,6125.0,7577.06396484375
2026-03-05,6020.9833984375,2315.50927734375,4130.0,3620.0,4707.7421875,6225.0,7710.537109375
2026-03-06,5830.5966796875,2286.922607421875,4040.0,3480.0,4574.54736328125,6275.0,7585.68701171875
2026-03-09,5568.81494140625,2239.2783203125,3820.0,3330.0,4427.57373046875,6050.0,7337.369140625
2026-03-10,5711.60498046875,2267.864990234375,4020.0,3500.0,4510.24658203125,6000.0,7440.9130859375
2026-03-11,5664.00830078125,2239.2783203125,3970.0,3370.0,4482.68896484375,6025.0,7389.39892578125
2026-03-12,5664.00830078125,2382.211181640625,3890.0,3370.0,4556.17578125,6050.0,7362.1171875
2026-03-13,5545.0166015625,2363.1533203125,3810.0,3190.0,4363.27294921875,5900.0,7137.2119140625
2026-03-16,5568.81494140625,2325.0380859375,3640.0,3060.0,4317.34375,5975.0,7022.2880859375
2026-03-17,5521.21826171875,2334.56689453125,3750.0,3310.0,4344.9013671875,5975.0,7106.8388671875
2026-03-25,6282.765625,2506.086181640625,3620.0,3190.0,4565.361328125,6025.0,7302.12109375
2026-03-26,5949.58837890625,2458.44189453125,3430.0,3240.0,4445.94580078125,6075.0,7164.0908203125
2026-03-27,5830.5966796875,2420.326416015625,3500.0,3230.0,4372.458984375,5975.0,7097.05712890625
2026-03-30,6044.78173828125,2496.55712890625,3500.0,3100.0,4317.34375,5950.0,7091.669921875
2026-03-31,5949.58837890625,2458.44189453125,3500.0,3140.0,4335.7158203125,6350.0,7048.22216796875
2026-04-01,5949.58837890625,2372.68212890625,3710.0,3340.0,4335.7158203125,6575.0,7184.43798828125
2026-04-02,5783.0,2382.211181640625,3640.0,3260.0,4271.41455078125,6625.0,7026.7822265625
2026-04-06,5806.79833984375,2391.739990234375,3650.0,3250.0,4234.67138671875,6575.0,6989.42578125
2026-04-07,5616.41162109375,2296.451416015625,3470.0,3160.0,4142.81298828125,6575.0,6971.02685546875
2026-04-08,5901.99169921875,2305.980224609375,3740.0,3300.0,4289.78662109375,6650.0,7279.208984375
2026-04-09,5878.193359375,2296.451416015625,3750.0,3230.0,4197.92822265625,6600.0,7307.5888671875
2026-04-10,5997.18505859375,2325.0380859375,3710.0,3220.0,4289.78662109375,6700.0,7458.49609375
2026-04-13,5878.193359375,2363.1533203125,3750.0,3150.0,4225.4853515625,6750.0,7500.18701171875
2026-04-14,5854.39501953125,2334.56689453125,3900.0,3210.0,4326.52978515625,6825.0,7675.951171875
2026-04-15,5997.18505859375,2401.268798828125,3940.0,3350.0,4271.41455078125,6825.0,7623.5859375
2026-04-16,5901.99169921875,2391.739990234375,4060.0,3320.0,4262.22900390625,6975.0,7621.3818359375
2026-04-17,6068.580078125,2439.38427734375,4070.0,3370.0,4243.857421875,6975.0,7634.00390625
2026-04-20,6044.78173828125,2410.797607421875,4010.0,3350.0,4243.857421875,6925.0,7594.11083984375
2026-04-21,6020.9833984375,2382.211181640625,4030.0,3370.0,4317.34375,7000.0,7559.3798828125
2026-04-22,6282.765625,2401.268798828125,4100.0,3400.0,4363.27294921875,7025.0,7541.61181640625
2026-04-23,6020.9833984375,2391.739990234375,4020.0,3380.0,4253.04296875,6975.0,7378.60595703125
2026-04-24,6020.9833984375,2391.739990234375,4050.0,3380.0,4133.626953125,6900.0,7129.490234375
2026-04-27,5830.5966796875,2391.739990234375,4120.0,3470.0,4041.768798828125,6900.0,7106.52001953125
2026-04-28,5735.4033203125,2410.0,4040.0,3420.0,4069.326171875,6825.0,7072.39208984375
2026-04-29,5759.20166015625,2440.0,3880.0,3400.0,4069.326171875,6850.0,7101.22607421875
2026-04-30,5687.806640625,2520.0,3740.0,3230.0,4032.5830078125,6750.0,6956.80419921875
2026-05-04,5783.0,2500.0,3800.0,3200.0,4060.140380859375,6950.0,6971.953125
2026-05-05,5875.0,2510.0,3690.0,3100.0,4124.44140625,6950.0,7057.10595703125
2026-05-06,5750.0,2530.0,3800.0,3110.0,4142.81298828125,7050.0,7092.466796875
2026-05-07,5850.0,2500.0,3880.0,3200.0,4262.22900390625,7125.0,7174.32080078125
2026-05-08,5825.0,2490.0,3630.0,2780.0,4253.04296875,6975.0,6969.39599609375
2026-05-11,6050.0,2450.0,3700.0,2870.0,4250.0,6925.0,6905.6201171875
2026-05-12,5850.0,2600.0,3570.0,2870.0,4240.0,6975.0,6858.89892578125
2026-05-13,5750.0,2520.0,3500.0,2730.0,4200.0,6825.0,6723.31982421875
2026-05-18,6000.0,2460.0,3160.0,2660.0,4130.0,6725.0,6599.240234375
2026-05-19,5950.0,2330.0,3060.0,2500.0,4130.0,6650.0,6370.67919921875
2026-05-20,5975.0,2230.0,3100.0,2350.0,4230.0,6600.0,6318.5
2026-05-21,5600.0,2210.0,2970.0,2180.0,4170.0,6750.0,6094.94091796875
2026-05-22,5400.0,2350.0,3090.0,2720.0,4120.0,6725.0,6162.044921875
2026-05-25,5600.0,2300.0,3070.0,2850.0,4220.0,6950.0,6206.34912109375
2026-05-26,5125.0,2300.0,2960.0,2720.0,4130.0,6825.0,6130.18994140625
2026-05-29,5000.0,2300.0,2900.0,2590.0,4080.0,6925.0,6127.380859375
